{"cameraMode":{"drawMode":0,"name":"Shaded","section":"Shading Mode"},"sceneLighting":false,"audioPlay":false,"sceneViewState":{"showFog":true,"showMaterialUpdate":false,"showSkybox":true,"showFlares":true,"showImageEffects":true,"showParticleSystems":true},"in2DMode":false,"pivot":{"x":0.7461658716201782,"y":0.020727455615997316,"z":0.17030787467956544},"rotation":{"x":0.09720378369092941,"y":-0.05371759459376335,"z":0.005254183895885944,"w":0.993800699710846},"size":3.5234358310699465,"orthographic":false}