{"cameraMode":{"drawMode":0,"name":"Shaded","section":"Shading Mode"},"sceneLighting":false,"audioPlay":false,"sceneViewState":{"showFog":true,"showMaterialUpdate":false,"showSkybox":true,"showFlares":true,"showImageEffects":true,"showParticleSystems":true},"in2DMode":false,"pivot":{"x":434.8868103027344,"y":86.80042266845703,"z":25.9844970703125},"rotation":{"x":-0.04195322468876839,"y":-0.0404532253742218,"z":-0.001700033899396658,"w":0.9982998371124268},"size":216.25030517578126,"orthographic":false}