{"cameraMode":{"drawMode":0,"name":"Shaded","section":"Shading Mode"},"sceneLighting":true,"audioPlay":false,"sceneViewState":{"showFog":true,"showMaterialUpdate":false,"showSkybox":true,"showFlares":true,"showImageEffects":true,"showParticleSystems":true},"in2DMode":false,"pivot":{"x":10.684857368469239,"y":6.2989654541015629,"z":0.056748390197753909},"rotation":{"x":0.056938230991363528,"y":-0.03294042870402336,"z":0.001879584975540638,"w":0.9978331923484802},"size":8.408448219299317,"orthographic":false}