{"cameraMode":{"drawMode":0,"name":"Shaded","section":"Shading Mode"},"sceneLighting":true,"audioPlay":false,"sceneViewState":{"showFog":true,"showMaterialUpdate":false,"showSkybox":true,"showFlares":true,"showImageEffects":true,"showParticleSystems":true},"in2DMode":false,"pivot":{"x":-1.6665210723876954,"y":4.051417827606201,"z":-2.439809799194336},"rotation":{"x":0.2361428290605545,"y":0.15373599529266358,"z":-0.037866298109292987,"w":0.9587331414222717},"size":10.281759262084961,"orthographic":false}