{"cameraMode":{"drawMode":0,"name":"Shaded","section":"Shading Mode"},"sceneLighting":false,"audioPlay":false,"sceneViewState":{"showFog":true,"showMaterialUpdate":false,"showSkybox":true,"showFlares":true,"showImageEffects":true,"showParticleSystems":true},"in2DMode":false,"pivot":{"x":22.06800079345703,"y":3.878000020980835,"z":11.170000076293946},"rotation":{"x":0.2887495756149292,"y":-0.6042665839195252,"z":0.24944816529750825,"w":0.6994761228561401},"size":2.857884645462036,"orthographic":false}