{"cameraMode":{"drawMode":0,"name":"Shaded","section":"Shading Mode"},"sceneLighting":true,"audioPlay":false,"sceneViewState":{"showFog":true,"showMaterialUpdate":false,"showSkybox":true,"showFlares":true,"showImageEffects":true,"showParticleSystems":true},"in2DMode":false,"pivot":{"x":1146.94189453125,"y":-344.736572265625,"z":-151.80368041992188},"rotation":{"x":0.06535747647285462,"y":0.7281204462051392,"z":-0.0701150968670845,"w":0.6787177920341492},"size":1610.7041015625,"orthographic":false}