{"cameraMode":{"drawMode":0,"name":"Shaded","section":"Shading Mode"},"sceneLighting":false,"audioPlay":false,"sceneViewState":{"showFog":true,"showMaterialUpdate":false,"showSkybox":true,"showFlares":true,"showImageEffects":true,"showParticleSystems":true},"in2DMode":false,"pivot":{"x":19.289531707763673,"y":10.651323318481446,"z":4.847824573516846},"rotation":{"x":0.20224183797836305,"y":-0.05725444108247757,"z":0.011844255030155182,"w":0.9775903224945068},"size":7.352920055389404,"orthographic":false}