{"cameraMode":{"drawMode":0,"name":"Shaded","section":"Shading Mode"},"sceneLighting":true,"audioPlay":false,"sceneViewState":{"showFog":false,"showMaterialUpdate":false,"showSkybox":false,"showFlares":false,"showImageEffects":false,"showParticleSystems":false},"in2DMode":false,"pivot":{"x":-28.256772994995118,"y":10.451202392578125,"z":1.7959661483764649},"rotation":{"x":0.17845718562602998,"y":-0.3070996403694153,"z":0.05874297395348549,"w":0.9329480528831482},"size":8.280529975891114,"orthographic":false}