{"cameraMode":{"drawMode":0,"name":"Shaded","section":"Shading Mode"},"sceneLighting":false,"audioPlay":false,"sceneViewState":{"showFog":true,"showMaterialUpdate":false,"showSkybox":true,"showFlares":true,"showImageEffects":true,"showParticleSystems":true},"in2DMode":false,"pivot":{"x":-0.6471097469329834,"y":2.063619613647461,"z":-3.481992244720459},"rotation":{"x":0.04715312644839287,"y":-0.9487729072570801,"z":0.17117781937122346,"w":0.2613517940044403},"size":10.307425498962403,"orthographic":false}