{"cameraMode":{"drawMode":0,"name":"Shaded","section":"Shading Mode"},"sceneLighting":true,"audioPlay":false,"sceneViewState":{"showFog":false,"showMaterialUpdate":false,"showSkybox":false,"showFlares":false,"showImageEffects":false,"showParticleSystems":false},"in2DMode":false,"pivot":{"x":-1.3101129531860352,"y":-0.42614254355430605,"z":9.547147750854493},"rotation":{"x":0.100330650806427,"y":0.0029847598634660246,"z":-0.0003010219952557236,"w":0.9949496984481812},"size":23.180421829223634,"orthographic":false}